label,kind,status,occurrences,first_source_url
Per the Los Angeles County Sheriff's Department,inline-colon,mapped,463,https://www.fire.ca.gov/incidents/2025/1/7/palisades-fire/updates/c2f1e8db-30bf-4d18-bad2-cc36d50a1484
Administration Unit,dt,mapped,344,https://www.fire.ca.gov/incidents/2025/1/7/palisades-fire/updates/fc673f28-0d66-402b-9ebe-2380a9bf3c26
Cause,dt,mapped,344,https://www.fire.ca.gov/incidents/2025/1/7/palisades-fire/updates/fc673f28-0d66-402b-9ebe-2380a9bf3c26
Civilian Fatalities,dt,mapped,344,https://www.fire.ca.gov/incidents/2025/1/7/palisades-fire/updates/fc673f28-0d66-402b-9ebe-2380a9bf3c26
Civilian Injuries,dt,mapped,344,https://www.fire.ca.gov/incidents/2025/1/7/palisades-fire/updates/fc673f28-0d66-402b-9ebe-2380a9bf3c26
Containment,dt,mapped,344,https://www.fire.ca.gov/incidents/2025/1/7/palisades-fire/updates/fc673f28-0d66-402b-9ebe-2380a9bf3c26
Counties,dt,mapped,344,https://www.fire.ca.gov/incidents/2025/1/7/palisades-fire/updates/fc673f28-0d66-402b-9ebe-2380a9bf3c26
Date,dt,mapped,344,https://www.fire.ca.gov/incidents/2025/1/7/palisades-fire/updates/fc673f28-0d66-402b-9ebe-2380a9bf3c26
Firefighter Fatalities,dt,mapped,344,https://www.fire.ca.gov/incidents/2025/1/7/palisades-fire/updates/fc673f28-0d66-402b-9ebe-2380a9bf3c26
Firefighter Injuries,dt,mapped,344,https://www.fire.ca.gov/incidents/2025/1/7/palisades-fire/updates/fc673f28-0d66-402b-9ebe-2380a9bf3c26
Incident Status,dt,mapped,344,https://www.fire.ca.gov/incidents/2025/1/7/palisades-fire/updates/fc673f28-0d66-402b-9ebe-2380a9bf3c26
Location,dt,mapped,344,https://www.fire.ca.gov/incidents/2025/1/7/palisades-fire/updates/fc673f28-0d66-402b-9ebe-2380a9bf3c26
Name,dt,mapped,344,https://www.fire.ca.gov/incidents/2025/1/7/palisades-fire/updates/fc673f28-0d66-402b-9ebe-2380a9bf3c26
Size,dt,mapped,344,https://www.fire.ca.gov/incidents/2025/1/7/palisades-fire/updates/fc673f28-0d66-402b-9ebe-2380a9bf3c26
Start Date/Time,dt,mapped,344,https://www.fire.ca.gov/incidents/2025/1/7/palisades-fire/updates/fc673f28-0d66-402b-9ebe-2380a9bf3c26
Structures Damaged,dt,mapped,344,https://www.fire.ca.gov/incidents/2025/1/7/palisades-fire/updates/fc673f28-0d66-402b-9ebe-2380a9bf3c26
Structures Destroyed,dt,mapped,344,https://www.fire.ca.gov/incidents/2025/1/7/palisades-fire/updates/fc673f28-0d66-402b-9ebe-2380a9bf3c26
Structures Threatened,dt,mapped,344,https://www.fire.ca.gov/incidents/2025/1/7/palisades-fire/updates/fc673f28-0d66-402b-9ebe-2380a9bf3c26
Time,dt,mapped,344,https://www.fire.ca.gov/incidents/2025/1/7/palisades-fire/updates/fc673f28-0d66-402b-9ebe-2380a9bf3c26
Type,dt,mapped,344,https://www.fire.ca.gov/incidents/2025/1/7/palisades-fire/updates/fc673f28-0d66-402b-9ebe-2380a9bf3c26
Unified Command Agency(s),dt,UNMAPPED,344,https://www.fire.ca.gov/incidents/2025/1/7/palisades-fire/updates/fc673f28-0d66-402b-9ebe-2380a9bf3c26
Evacuation Information,heading-h3,explicitly-ignored,339,https://www.fire.ca.gov/incidents/2025/1/7/palisades-fire/updates/fc673f28-0d66-402b-9ebe-2380a9bf3c26
Evacuation Orders,heading-h4,mapped,337,https://www.fire.ca.gov/incidents/2025/1/7/palisades-fire/updates/fc673f28-0d66-402b-9ebe-2380a9bf3c26
Situation Summary,heading-h3,mapped,337,https://www.fire.ca.gov/incidents/2025/1/7/palisades-fire/updates/fc673f28-0d66-402b-9ebe-2380a9bf3c26
Evacuation Shelters,heading-h4,mapped,333,https://www.fire.ca.gov/incidents/2025/1/7/palisades-fire/updates/fc673f28-0d66-402b-9ebe-2380a9bf3c26
Westwood Recreation Center,inline-strong,UNMAPPED,333,https://www.fire.ca.gov/incidents/2025/1/7/palisades-fire/updates/fc673f28-0d66-402b-9ebe-2380a9bf3c26
Road Closures,heading-h4,mapped,328,https://www.fire.ca.gov/incidents/2025/1/7/palisades-fire/updates/fc673f28-0d66-402b-9ebe-2380a9bf3c26
Federal Assistance,heading-h3,mapped,320,https://www.fire.ca.gov/incidents/2025/1/7/palisades-fire/updates/fc673f28-0d66-402b-9ebe-2380a9bf3c26
Animal Evacuation Shelters,heading-h4,explicitly-ignored,302,https://www.fire.ca.gov/incidents/2025/1/7/palisades-fire/updates/fc673f28-0d66-402b-9ebe-2380a9bf3c26
Incident Photos and Videos,heading-h3,mapped,301,https://www.fire.ca.gov/incidents/2025/1/7/palisades-fire/updates/fc673f28-0d66-402b-9ebe-2380a9bf3c26
Pasadena Convention Center,inline-strong,UNMAPPED,299,https://www.fire.ca.gov/incidents/2025/1/7/palisades-fire/updates/9670318e-d5f5-4c88-93a9-92fda172a80d
Engines,dt,mapped,297,https://www.fire.ca.gov/incidents/2025/1/7/palisades-fire/updates/fc673f28-0d66-402b-9ebe-2380a9bf3c26
Total Personnel,dt,mapped,297,https://www.fire.ca.gov/incidents/2025/1/7/palisades-fire/updates/fc673f28-0d66-402b-9ebe-2380a9bf3c26
Water Tenders,dt,mapped,297,https://www.fire.ca.gov/incidents/2025/1/7/palisades-fire/updates/fc673f28-0d66-402b-9ebe-2380a9bf3c26
Large Animals,inline-strong,mapped,296,https://www.fire.ca.gov/incidents/2025/1/7/palisades-fire/updates/fc673f28-0d66-402b-9ebe-2380a9bf3c26
Large Animals,inline-colon,mapped,296,https://www.fire.ca.gov/incidents/2025/1/7/palisades-fire/updates/fc673f28-0d66-402b-9ebe-2380a9bf3c26
Small Animals,inline-strong,mapped,296,https://www.fire.ca.gov/incidents/2025/1/7/palisades-fire/updates/fc673f28-0d66-402b-9ebe-2380a9bf3c26
Small Animals,inline-colon,mapped,296,https://www.fire.ca.gov/incidents/2025/1/7/palisades-fire/updates/fc673f28-0d66-402b-9ebe-2380a9bf3c26
Press Conferences and Operational Briefings,heading-h3,mapped,295,https://www.fire.ca.gov/incidents/2025/1/7/palisades-fire/updates/c2f1e8db-30bf-4d18-bad2-cc36d50a1484
Hand Crews,dt,mapped,287,https://www.fire.ca.gov/incidents/2025/1/7/palisades-fire/updates/fc673f28-0d66-402b-9ebe-2380a9bf3c26
Helicopters,dt,mapped,278,https://www.fire.ca.gov/incidents/2025/1/7/palisades-fire/updates/bb2cc5cd-3a3b-426f-a9ae-97805899f19d
Stoner Recreation Center,inline-strong,UNMAPPED,278,https://www.fire.ca.gov/incidents/2025/1/7/palisades-fire/updates/632ea637-4d58-4b71-9050-740acceab450
Dozers,dt,mapped,272,https://www.fire.ca.gov/incidents/2025/1/7/palisades-fire/updates/8607a763-c3f3-4157-9f25-4d4053ce9581
The Following Zones are under mandatory evacuation order,inline-strong,mapped,260,https://www.fire.ca.gov/incidents/2025/1/7/palisades-fire/updates/26ae17c3-7807-448e-89c7-7cd54429637b
The Following Zones are under mandatory evacuation order,inline-colon,mapped,260,https://www.fire.ca.gov/incidents/2025/1/7/palisades-fire/updates/26ae17c3-7807-448e-89c7-7cd54429637b
Evacuation Warnings,heading-h4,mapped,257,https://www.fire.ca.gov/incidents/2025/1/7/palisades-fire/updates/16d4ebf2-87ed-434e-b853-5e94f23459ec
Other,dt,mapped,248,https://www.fire.ca.gov/incidents/2025/1/7/palisades-fire/updates/fc673f28-0d66-402b-9ebe-2380a9bf3c26
Pomona Fairplex (Gate 3),inline-strong,UNMAPPED,246,https://www.fire.ca.gov/incidents/2025/1/7/palisades-fire/updates/632ea637-4d58-4b71-9050-740acceab450
Family Assistance Center,heading-h3,mapped,241,https://www.fire.ca.gov/incidents/2025/1/7/palisades-fire/updates/fc673f28-0d66-402b-9ebe-2380a9bf3c26
Incident Demographics,heading-h3,mapped,213,https://www.fire.ca.gov/incidents/2025/1/7/palisades-fire/updates/fc673f28-0d66-402b-9ebe-2380a9bf3c26
Van Nuys/Sherman Oaks Recreation Center,inline-strong,UNMAPPED,211,https://www.fire.ca.gov/incidents/2025/1/7/palisades-fire/updates/632ea637-4d58-4b71-9050-740acceab450
Ritchie Valens Recreation Center,inline-strong,UNMAPPED,204,https://www.fire.ca.gov/incidents/2025/1/7/palisades-fire/updates/108f1f21-1810-48cd-84f4-09f28d22fdaa
Please be advised,inline-colon,UNMAPPED,198,https://www.fire.ca.gov/incidents/2025/1/7/palisades-fire/updates/fd5da177-2bbc-489d-b9eb-f3e7cd493b58
The Following Zones are under Evacuation Warning,inline-strong,UNMAPPED,194,https://www.fire.ca.gov/incidents/2025/1/7/palisades-fire/updates/16d4ebf2-87ed-434e-b853-5e94f23459ec
The Following Zones are under Evacuation Warning,inline-colon,UNMAPPED,194,https://www.fire.ca.gov/incidents/2025/1/7/palisades-fire/updates/16d4ebf2-87ed-434e-b853-5e94f23459ec
Visit the CAL FIRE IMT2,inline-colon,UNMAPPED,169,https://www.fire.ca.gov/incidents/2025/1/7/palisades-fire/updates/c2f1e8db-30bf-4d18-bad2-cc36d50a1484
Cooperating Agencies,heading-h3,mapped,164,https://www.fire.ca.gov/incidents/2025/1/7/palisades-fire/updates/fc673f28-0d66-402b-9ebe-2380a9bf3c26
Please be advised,inline-strong,UNMAPPED,155,https://www.fire.ca.gov/incidents/2025/1/7/palisades-fire/updates/fd5da177-2bbc-489d-b9eb-f3e7cd493b58
Missing Pets Line,inline-strong,mapped,154,https://www.fire.ca.gov/incidents/2025/1/7/palisades-fire/updates/fc673f28-0d66-402b-9ebe-2380a9bf3c26
Missing Pets Line,inline-colon,mapped,154,https://www.fire.ca.gov/incidents/2025/1/7/palisades-fire/updates/fc673f28-0d66-402b-9ebe-2380a9bf3c26
Missing Persons Hotline,inline-strong,mapped,143,https://www.fire.ca.gov/incidents/2025/1/7/palisades-fire/updates/fc673f28-0d66-402b-9ebe-2380a9bf3c26
Missing Persons Hotline,inline-colon,mapped,143,https://www.fire.ca.gov/incidents/2025/1/7/palisades-fire/updates/fc673f28-0d66-402b-9ebe-2380a9bf3c26
Eastside Location,inline-strong,mapped,140,https://www.fire.ca.gov/incidents/2025/1/7/palisades-fire/updates/c2f1e8db-30bf-4d18-bad2-cc36d50a1484
Westside Location,inline-strong,mapped,140,https://www.fire.ca.gov/incidents/2025/1/7/palisades-fire/updates/c2f1e8db-30bf-4d18-bad2-cc36d50a1484
Operational Briefings,inline-strong,UNMAPPED,136,https://www.fire.ca.gov/incidents/2025/1/7/palisades-fire/updates/c2f1e8db-30bf-4d18-bad2-cc36d50a1484
Damage Assessment,heading-h3,mapped,125,https://www.fire.ca.gov/incidents/2025/1/7/palisades-fire/updates/55b85cc1-4753-44a8-a9c4-1ebf548d8222
Public Health Information,heading-h3,mapped,121,https://www.fire.ca.gov/incidents/2025/1/7/palisades-fire/updates/3bf16f84-0ccc-446f-ba6a-1684cc7e925d
News Releases/Media Advisories,heading-h3,mapped,118,https://www.fire.ca.gov/incidents/2025/1/7/palisades-fire/updates/25abbe52-f080-442a-8001-e83b5fd435f0
Disaster Resource Center,inline-colon,mapped,110,https://www.fire.ca.gov/incidents/2025/1/7/palisades-fire/updates/c2f1e8db-30bf-4d18-bad2-cc36d50a1484
Disaster Resource Center ,inline-strong,UNMAPPED,110,https://www.fire.ca.gov/incidents/2025/1/7/palisades-fire/updates/c2f1e8db-30bf-4d18-bad2-cc36d50a1484
Calvary Community Church,inline-strong,UNMAPPED,109,https://www.fire.ca.gov/incidents/2025/1/7/palisades-fire/updates/be828b8f-9bdf-41c1-af7b-800a71f2e33a
Initial Protective Actions,heading-h3,mapped,100,https://www.fire.ca.gov/incidents/2025/1/7/palisades-fire/updates/fc673f28-0d66-402b-9ebe-2380a9bf3c26
Palisades Fire Information Linktree,inline-strong,UNMAPPED,97,https://www.fire.ca.gov/incidents/2025/1/7/palisades-fire/updates/fc673f28-0d66-402b-9ebe-2380a9bf3c26
Join the Effort,inline-colon,UNMAPPED,90,https://www.fire.ca.gov/incidents/2025/1/7/palisades-fire/updates/1a9d5252-4aa6-47a7-9f72-894a13b10a46
CHP-West Valley,inline-strong,UNMAPPED,89,https://www.fire.ca.gov/incidents/2025/1/7/palisades-fire/updates/c1a8570d-45de-4e14-aa62-1e43bede8c43
State Park Closures,heading-h3,mapped,87,https://www.fire.ca.gov/incidents/2025/1/7/palisades-fire/updates/fc673f28-0d66-402b-9ebe-2380a9bf3c26
Public Health and Safety Linktree,inline-strong,UNMAPPED,80,https://www.fire.ca.gov/incidents/2025/1/7/palisades-fire/updates/b1349f1e-5c23-4013-a43e-8374d8fb2048
Pan Pacific Recreation Center,inline-strong,UNMAPPED,79,https://www.fire.ca.gov/incidents/2025/1/7/palisades-fire/updates/346c9a1f-fe7c-4b8a-a96d-acae730a2e08
RED FLAG WARNING,inline-strong,UNMAPPED,66,https://www.fire.ca.gov/incidents/2025/1/7/palisades-fire/updates/96c4057b-8ae9-4d9a-b79e-57480eb1714e
Lanark Recreation Center,inline-strong,UNMAPPED,62,https://www.fire.ca.gov/incidents/2025/1/7/palisades-fire/updates/be828b8f-9bdf-41c1-af7b-800a71f2e33a
Disaster Assessment,heading-h4,mapped,57,https://www.fire.ca.gov/incidents/2025/1/7/palisades-fire/updates/fc673f28-0d66-402b-9ebe-2380a9bf3c26
East,inline-colon,UNMAPPED,57,https://www.fire.ca.gov/incidents/2025/1/7/palisades-fire/updates/42d66ab9-f0a3-44bc-9f7f-aaa496ef5c54
El Camino Real Charter High School,inline-strong,UNMAPPED,57,https://www.fire.ca.gov/incidents/2025/1/7/palisades-fire/updates/d5da79bf-29f0-41e4-9dbc-564542de86ac
Evacuation Warnings are in effect for the following zones,inline-colon,UNMAPPED,57,https://www.fire.ca.gov/incidents/2025/1/7/palisades-fire/updates/942cb060-2ee0-47e8-83fe-96e13b9d82e9
North,inline-colon,UNMAPPED,57,https://www.fire.ca.gov/incidents/2025/1/7/palisades-fire/updates/42d66ab9-f0a3-44bc-9f7f-aaa496ef5c54
South,inline-colon,UNMAPPED,57,https://www.fire.ca.gov/incidents/2025/1/7/palisades-fire/updates/42d66ab9-f0a3-44bc-9f7f-aaa496ef5c54
West,inline-colon,UNMAPPED,57,https://www.fire.ca.gov/incidents/2025/1/7/palisades-fire/updates/42d66ab9-f0a3-44bc-9f7f-aaa496ef5c54
Evacuation Orders are in effect for the following zones,inline-colon,UNMAPPED,55,https://www.fire.ca.gov/incidents/2025/1/7/palisades-fire/updates/942cb060-2ee0-47e8-83fe-96e13b9d82e9
City of Santa Monica,inline-strong,UNMAPPED,48,https://www.fire.ca.gov/incidents/2025/1/7/palisades-fire/updates/c1a8570d-45de-4e14-aa62-1e43bede8c43
Community Meeting,inline-strong,mapped,40,https://www.fire.ca.gov/incidents/2025/1/7/palisades-fire/updates/2b9d880c-6a76-44d2-8fd6-36d3ccd10f09
"Community Meeting, January 11th, 2025",inline-strong,UNMAPPED,40,https://www.fire.ca.gov/incidents/2025/1/7/palisades-fire/updates/25abbe52-f080-442a-8001-e83b5fd435f0
"Community Meeting, January 11th, 2025 6",inline-colon,UNMAPPED,40,https://www.fire.ca.gov/incidents/2025/1/7/palisades-fire/updates/25abbe52-f080-442a-8001-e83b5fd435f0
"Virtual Town Hall, January 10th, 2025",inline-strong,UNMAPPED,39,https://www.fire.ca.gov/incidents/2025/1/7/palisades-fire/updates/692632f1-d814-466c-924c-5d4dd447a3b5
"Virtual Town Hall, January 10th, 2025 6",inline-colon,UNMAPPED,39,https://www.fire.ca.gov/incidents/2025/1/7/palisades-fire/updates/692632f1-d814-466c-924c-5d4dd447a3b5
Red Flag Warning,inline-strong,UNMAPPED,38,https://www.fire.ca.gov/incidents/2025/1/7/palisades-fire/updates/0707c9b0-4da9-4129-8e42-5c589e3af099
Unsafe Drinking Water Notice,heading-h3,mapped,37,https://www.fire.ca.gov/incidents/2025/1/7/palisades-fire/updates/f23c37f7-d392-4ae5-9360-20bc9a27fb7d
OPEN TO RESIDENTS ONLY!,inline-strong,mapped,36,https://www.fire.ca.gov/incidents/2025/1/7/palisades-fire/updates/01298765-e538-4574-8b6f-3c5fe1edbc9d
M,inline-strong,UNMAPPED,34,https://www.fire.ca.gov/incidents/2025/1/7/palisades-fire/updates/692632f1-d814-466c-924c-5d4dd447a3b5
"M orning Press Release, January 10th, 2025 8",inline-colon,UNMAPPED,34,https://www.fire.ca.gov/incidents/2025/1/7/palisades-fire/updates/692632f1-d814-466c-924c-5d4dd447a3b5
Disaster Resource Center,inline-strong,mapped,30,https://www.fire.ca.gov/incidents/2025/1/7/palisades-fire/updates/7a4a17a2-6985-44d3-a7ba-b6e98afde1b4
City of Los Angeles Zones,inline-strong,UNMAPPED,29,https://www.fire.ca.gov/incidents/2025/1/7/palisades-fire/updates/c2f1e8db-30bf-4d18-bad2-cc36d50a1484
City of Los Angeles Zones,inline-colon,UNMAPPED,29,https://www.fire.ca.gov/incidents/2025/1/7/palisades-fire/updates/c2f1e8db-30bf-4d18-bad2-cc36d50a1484
inaccurate social media post,inline-strong,UNMAPPED,29,https://www.fire.ca.gov/incidents/2025/1/7/palisades-fire/updates/a6ed2094-9286-48d2-8a53-16b19a6d564f
Resident Access,inline-strong,UNMAPPED,27,https://www.fire.ca.gov/incidents/2025/1/7/palisades-fire/updates/900c95b3-b29c-4f1f-88b1-5233a900ce37
Resident Access,inline-colon,UNMAPPED,27,https://www.fire.ca.gov/incidents/2025/1/7/palisades-fire/updates/900c95b3-b29c-4f1f-88b1-5233a900ce37
Ventura County Location,inline-strong,mapped,25,https://www.fire.ca.gov/incidents/2025/1/7/palisades-fire/updates/f33d5142-e7f4-4af6-8226-70a95a5c3472
Repopulation & Recovery Information,heading-h3,mapped,24,https://www.fire.ca.gov/incidents/2025/1/7/palisades-fire/updates/3bf16f84-0ccc-446f-ba6a-1684cc7e925d
"Community Meeting Thursday, January 16, 2025 - 6",inline-colon,UNMAPPED,23,https://www.fire.ca.gov/incidents/2025/1/7/palisades-fire/updates/1bde4e63-471d-484c-bbb8-9ed5aa150ffe
Livestream,inline-colon,inline-mapped,23,https://www.fire.ca.gov/incidents/2025/1/7/palisades-fire/updates/1bde4e63-471d-484c-bbb8-9ed5aa150ffe
An Evacuation Center is being established,inline-colon,UNMAPPED,22,https://www.fire.ca.gov/incidents/2025/1/7/palisades-fire/updates/72c54098-4ba9-4773-a8c2-0fab288a80e1
Evacuation Centers are being established,inline-colon,UNMAPPED,22,https://www.fire.ca.gov/incidents/2025/1/7/palisades-fire/updates/fb42ddab-8486-4dc5-be48-c6f1144a1647
Boil Water notice,inline-strong,UNMAPPED,21,https://www.fire.ca.gov/incidents/2025/1/7/palisades-fire/updates/30608d23-736b-48f9-b0f5-4055e212abf3
Governors Office Press Releases,heading-h3,mapped,21,https://www.fire.ca.gov/incidents/2025/1/7/palisades-fire/updates/866b33d4-b7de-4ba5-8778-7e051400bb47
City of Los Angeles,inline-strong,UNMAPPED,20,https://www.fire.ca.gov/incidents/2025/1/7/palisades-fire/updates/c1a8570d-45de-4e14-aa62-1e43bede8c43
Van Nuys Recreation Center,inline-strong,UNMAPPED,20,https://www.fire.ca.gov/incidents/2025/1/7/palisades-fire/updates/57893ac3-f7d7-4dbd-9692-191c319d17d6
Area 2,inline-strong,UNMAPPED,19,https://www.fire.ca.gov/incidents/2025/1/7/palisades-fire/updates/42d66ab9-f0a3-44bc-9f7f-aaa496ef5c54
California Wildfires Reunifications,heading-h3,mapped,19,https://www.fire.ca.gov/incidents/2025/1/7/palisades-fire/updates/6ae0d671-0026-4a79-9e3f-a6e5d9a281f5
Disaster Assessment,heading-h3,mapped,19,https://www.fire.ca.gov/incidents/2025/1/7/palisades-fire/updates/b5d914da-67bc-4e65-9368-998afaedd3a0
Escorts for newly repopulated zones will be conducted from 12,inline-colon,UNMAPPED,18,https://www.fire.ca.gov/incidents/2025/1/7/palisades-fire/updates/01298765-e538-4574-8b6f-3c5fe1edbc9d
"Community Meeting Friday, January 17, 2025 - 6",inline-colon,UNMAPPED,17,https://www.fire.ca.gov/incidents/2025/1/7/palisades-fire/updates/2b9d880c-6a76-44d2-8fd6-36d3ccd10f09
Incident Photos and Videos,inline-strong,mapped,17,https://www.fire.ca.gov/incidents/2025/1/7/palisades-fire/updates/87fececc-b997-476d-8ec5-d15c5aaea879
Do Not Drink notice,inline-strong,UNMAPPED,16,https://www.fire.ca.gov/incidents/2025/1/7/palisades-fire/updates/f23c37f7-d392-4ae5-9360-20bc9a27fb7d
AIR QUALITY ADVISORY,inline-strong,UNMAPPED,14,https://www.fire.ca.gov/incidents/2025/1/7/palisades-fire/updates/e97c9c8d-1328-49cf-955d-a6376f6cf434
AIR QUALITY ADVISORY,inline-colon,UNMAPPED,14,https://www.fire.ca.gov/incidents/2025/1/7/palisades-fire/updates/e97c9c8d-1328-49cf-955d-a6376f6cf434
Virtual Town Hall -,inline-strong,UNMAPPED,14,https://www.fire.ca.gov/incidents/2025/1/7/palisades-fire/updates/bbea4421-bbb1-4ffa-b22d-183dd498306c
Los Angeles Police Department to hold a press conference at 3,inline-colon,UNMAPPED,12,https://www.fire.ca.gov/incidents/2025/1/7/palisades-fire/updates/e95f0e9a-946c-4b9b-9f98-5c1686025f74
"press conference at 3:30 pm, January 7th, 2025.",inline-strong,UNMAPPED,12,https://www.fire.ca.gov/incidents/2025/1/7/palisades-fire/updates/e95f0e9a-946c-4b9b-9f98-5c1686025f74
Inclement weather conditions may cause access to be suspended.,inline-strong,UNMAPPED,11,https://www.fire.ca.gov/incidents/2025/1/7/palisades-fire/updates/c2f1e8db-30bf-4d18-bad2-cc36d50a1484
Los Angeles County Zones,inline-strong,UNMAPPED,11,https://www.fire.ca.gov/incidents/2025/1/7/palisades-fire/updates/c2f1e8db-30bf-4d18-bad2-cc36d50a1484
Los Angeles County Zones,inline-colon,UNMAPPED,11,https://www.fire.ca.gov/incidents/2025/1/7/palisades-fire/updates/c2f1e8db-30bf-4d18-bad2-cc36d50a1484
Shelter In Place,heading-h4,mapped,11,https://www.fire.ca.gov/incidents/2025/1/7/palisades-fire/updates/a8469dc0-4975-41d9-acba-b62f35f4dbdf
The Palisades Fire Media Line is,inline-colon,UNMAPPED,10,https://www.fire.ca.gov/incidents/2025/1/7/palisades-fire/updates/fb42ddab-8486-4dc5-be48-c6f1144a1647
The Palisades Fire Public Information Line is,inline-colon,UNMAPPED,10,https://www.fire.ca.gov/incidents/2025/1/7/palisades-fire/updates/fb42ddab-8486-4dc5-be48-c6f1144a1647
Virtual Town Hall,inline-colon,UNMAPPED,9,https://www.fire.ca.gov/incidents/2025/1/7/palisades-fire/updates/d426f279-239d-4151-967c-0342fa13912e
"Virtual Town Hall, January 9th, 2025",inline-strong,UNMAPPED,9,https://www.fire.ca.gov/incidents/2025/1/7/palisades-fire/updates/0a5c3dac-a9d8-46ce-b1f8-00dd8f344242
"Virtual Town Hall, January 9th, 2025 6",inline-colon,UNMAPPED,9,https://www.fire.ca.gov/incidents/2025/1/7/palisades-fire/updates/0a5c3dac-a9d8-46ce-b1f8-00dd8f344242
County of Los Angeles,inline-colon,UNMAPPED,7,https://www.fire.ca.gov/incidents/2025/1/7/palisades-fire/updates/0df76d0f-10a4-4169-8c75-23ec116020fd
Disaster Recovery Centers are open to the public from 9,inline-colon,UNMAPPED,7,https://www.fire.ca.gov/incidents/2025/1/7/palisades-fire/updates/fc673f28-0d66-402b-9ebe-2380a9bf3c26
Disaster Recovery Centers are open to the public from 9:00 AM to 8:00 PM.,inline-strong,UNMAPPED,7,https://www.fire.ca.gov/incidents/2025/1/7/palisades-fire/updates/fc673f28-0d66-402b-9ebe-2380a9bf3c26
Ritchie Valens Recreation Center (closing at 2PM 1.21.25),inline-strong,UNMAPPED,7,https://www.fire.ca.gov/incidents/2025/1/7/palisades-fire/updates/6cb6ffe9-3b14-47fd-849a-b3debb163afd
Some evacuations remain in place to residents only,inline-strong,UNMAPPED,7,https://www.fire.ca.gov/incidents/2025/1/7/palisades-fire/updates/fc673f28-0d66-402b-9ebe-2380a9bf3c26
here .,inline-strong,UNMAPPED,7,https://www.fire.ca.gov/incidents/2025/1/7/palisades-fire/updates/fc673f28-0d66-402b-9ebe-2380a9bf3c26
"For tonight, the RED FLAG WARNING will conclude at 6",inline-colon,UNMAPPED,6,https://www.fire.ca.gov/incidents/2025/1/7/palisades-fire/updates/a7ceb7a9-d5a9-4fef-84bb-4f1e6332e22d
LOS-0767-A,inline-strong,UNMAPPED,6,https://www.fire.ca.gov/incidents/2025/1/7/palisades-fire/updates/557f19fc-3da1-43ba-97ff-23859112a0fa
LOS-0767-A,inline-colon,UNMAPPED,6,https://www.fire.ca.gov/incidents/2025/1/7/palisades-fire/updates/557f19fc-3da1-43ba-97ff-23859112a0fa
Law Enforcement will only conduct resident escorts between 10,inline-colon,UNMAPPED,6,https://www.fire.ca.gov/incidents/2025/1/7/palisades-fire/updates/67dda116-e67c-46a6-948a-a31f7f131b85
Update,inline-strong,mapped,6,https://www.fire.ca.gov/incidents/2025/1/7/palisades-fire/updates/df350599-91f9-42c0-b10d-96a804fad4a4
Update,inline-colon,mapped,6,https://www.fire.ca.gov/incidents/2025/1/7/palisades-fire/updates/df350599-91f9-42c0-b10d-96a804fad4a4
"Morning Press Release, January 10th, 2025",inline-strong,UNMAPPED,5,https://www.fire.ca.gov/incidents/2025/1/7/palisades-fire/updates/87fececc-b997-476d-8ec5-d15c5aaea879
"Morning Press Release, January 10th, 2025 8",inline-colon,UNMAPPED,5,https://www.fire.ca.gov/incidents/2025/1/7/palisades-fire/updates/87fececc-b997-476d-8ec5-d15c5aaea879
Join the Efort,inline-colon,UNMAPPED,3,https://www.fire.ca.gov/incidents/2025/1/7/palisades-fire/updates/6b2d55ee-73ce-4803-87e8-70af983c3b12
Unsafe Water Alert,inline-strong,UNMAPPED,3,https://www.fire.ca.gov/incidents/2025/1/7/palisades-fire/updates/8eb5d58b-7eaf-4614-82f2-cbfe7f618631
Initial Protection Actions,heading-h3,mapped,2,https://www.fire.ca.gov/incidents/2025/1/7/palisades-fire/updates/4f385207-da28-4899-8c19-aa4a7d5d0138
Pasadena Convention Center (,inline-strong,UNMAPPED,2,https://www.fire.ca.gov/incidents/2025/1/7/palisades-fire/updates/590a9c92-1a6d-49c1-8ac8-128f33c0a63e
A Red Flag Warning is in effect till 10,inline-colon,UNMAPPED,1,https://www.fire.ca.gov/incidents/2025/1/7/palisades-fire/updates/3dbbd0c6-579a-4cba-bd90-0363e1ce1728
AM Update 1/9/25,inline-colon,UNMAPPED,1,https://www.fire.ca.gov/incidents/2025/1/7/palisades-fire/updates/167c614e-0fec-466b-8c9b-47296d9c1ee2
Ritchie Valens Recreation Center (closing at 12PM 1.21.25),inline-strong,UNMAPPED,1,https://www.fire.ca.gov/incidents/2025/1/7/palisades-fire/updates/ba56b23c-42f6-4a70-aec4-54c11a2c08d1
SSM-U010-A,inline-strong,UNMAPPED,1,https://www.fire.ca.gov/incidents/2025/1/7/palisades-fire/updates/1f0beda0-aa77-441b-8733-c45f57173cb3
"TOP-U007, TOP-U009, SSM-U010-A, SSM-U010-B",inline-strong,UNMAPPED,1,https://www.fire.ca.gov/incidents/2025/1/7/palisades-fire/updates/05b68c83-2b8b-4148-9331-15a474e4dc6c
"TOP-U007, TOP-U009, SSM-U010-B",inline-strong,UNMAPPED,1,https://www.fire.ca.gov/incidents/2025/1/7/palisades-fire/updates/1f0beda0-aa77-441b-8733-c45f57173cb3
"TOP-U007, TOP-U009, SSM-U010-B, SSM-U010-A",inline-strong,UNMAPPED,1,https://www.fire.ca.gov/incidents/2025/1/7/palisades-fire/updates/c5603b20-88d1-4e41-aaa8-a5fc6e7440d0
Visit the CAL FIRE IMT2 - Palisades Fire,inline-colon,UNMAPPED,1,https://www.fire.ca.gov/incidents/2025/1/7/palisades-fire/updates/7cb90058-b367-4285-8549-bebda703b281
