row,report_date,report_time,column,pdf
1,01/28/2025,9:29 AM,Additional_Resources,Palisades Fire_ Incident Update on 01_28_2025 at 9_29 AM _ CAL FIRE.pdf
1,01/28/2025,9:29 AM,Evacuation_Zone_Change_Notice,Palisades Fire_ Incident Update on 01_28_2025 at 9_29 AM _ CAL FIRE.pdf
1,01/28/2025,9:29 AM,Disaster_Resource_Center_Text,Palisades Fire_ Incident Update on 01_28_2025 at 9_29 AM _ CAL FIRE.pdf
1,01/28/2025,9:29 AM,DRC_Westside,Palisades Fire_ Incident Update on 01_28_2025 at 9_29 AM _ CAL FIRE.pdf
1,01/28/2025,9:29 AM,DRC_Eastside,Palisades Fire_ Incident Update on 01_28_2025 at 9_29 AM _ CAL FIRE.pdf
1,01/28/2025,9:29 AM,Missing_Persons_Hotline,Palisades Fire_ Incident Update on 01_28_2025 at 9_29 AM _ CAL FIRE.pdf
1,01/28/2025,9:29 AM,Public_Health_Information,Palisades Fire_ Incident Update on 01_28_2025 at 9_29 AM _ CAL FIRE.pdf
1,01/28/2025,9:29 AM,Disaster_Assessment,Palisades Fire_ Incident Update on 01_28_2025 at 9_29 AM _ CAL FIRE.pdf
1,01/28/2025,9:29 AM,Damage_Assessment_Text,Palisades Fire_ Incident Update on 01_28_2025 at 9_29 AM _ CAL FIRE.pdf
1,01/28/2025,9:29 AM,Evacuation_Order_Zones,Palisades Fire_ Incident Update on 01_28_2025 at 9_29 AM _ CAL FIRE.pdf
1,01/28/2025,9:29 AM,Evacuation_Order_Open_To_Residents,Palisades Fire_ Incident Update on 01_28_2025 at 9_29 AM _ CAL FIRE.pdf
1,01/28/2025,9:29 AM,Curfew_Order,Palisades Fire_ Incident Update on 01_28_2025 at 9_29 AM _ CAL FIRE.pdf
1,01/28/2025,9:29 AM,Evacuation_Orders_Details,Palisades Fire_ Incident Update on 01_28_2025 at 9_29 AM _ CAL FIRE.pdf
1,01/28/2025,9:29 AM,Evacuation_Shelters,Palisades Fire_ Incident Update on 01_28_2025 at 9_29 AM _ CAL FIRE.pdf
1,01/28/2025,9:29 AM,Road_Closure_Sources,Palisades Fire_ Incident Update on 01_28_2025 at 9_29 AM _ CAL FIRE.pdf
1,01/28/2025,9:29 AM,Animal_Evacuation_Missing_Pets_Line,Palisades Fire_ Incident Update on 01_28_2025 at 9_29 AM _ CAL FIRE.pdf
1,01/28/2025,9:29 AM,Small_Animal_Shelters,Palisades Fire_ Incident Update on 01_28_2025 at 9_29 AM _ CAL FIRE.pdf
1,01/28/2025,9:29 AM,Large_Animal_Shelters,Palisades Fire_ Incident Update on 01_28_2025 at 9_29 AM _ CAL FIRE.pdf
1,01/28/2025,9:29 AM,Assigned_Resources_Text,Palisades Fire_ Incident Update on 01_28_2025 at 9_29 AM _ CAL FIRE.pdf
2,01/30/2025,5:35 PM,Additional_Resources,Palisades Fire_ Incident Update on 01_30_2025 at 5_35 PM _ CAL FIRE.pdf
2,01/30/2025,5:35 PM,Evacuation_Zone_Change_Notice,Palisades Fire_ Incident Update on 01_30_2025 at 5_35 PM _ CAL FIRE.pdf
2,01/30/2025,5:35 PM,Disaster_Resource_Center_Text,Palisades Fire_ Incident Update on 01_30_2025 at 5_35 PM _ CAL FIRE.pdf
2,01/30/2025,5:35 PM,DRC_Westside,Palisades Fire_ Incident Update on 01_30_2025 at 5_35 PM _ CAL FIRE.pdf
2,01/30/2025,5:35 PM,DRC_Eastside,Palisades Fire_ Incident Update on 01_30_2025 at 5_35 PM _ CAL FIRE.pdf
2,01/30/2025,5:35 PM,Missing_Persons_Hotline,Palisades Fire_ Incident Update on 01_30_2025 at 5_35 PM _ CAL FIRE.pdf
2,01/30/2025,5:35 PM,Public_Health_Information,Palisades Fire_ Incident Update on 01_30_2025 at 5_35 PM _ CAL FIRE.pdf
2,01/30/2025,5:35 PM,Disaster_Assessment,Palisades Fire_ Incident Update on 01_30_2025 at 5_35 PM _ CAL FIRE.pdf
2,01/30/2025,5:35 PM,Damage_Assessment_Text,Palisades Fire_ Incident Update on 01_30_2025 at 5_35 PM _ CAL FIRE.pdf
2,01/30/2025,5:35 PM,Evacuation_Order_Zones,Palisades Fire_ Incident Update on 01_30_2025 at 5_35 PM _ CAL FIRE.pdf
2,01/30/2025,5:35 PM,Evacuation_Order_Open_To_Residents,Palisades Fire_ Incident Update on 01_30_2025 at 5_35 PM _ CAL FIRE.pdf
2,01/30/2025,5:35 PM,Curfew_Order,Palisades Fire_ Incident Update on 01_30_2025 at 5_35 PM _ CAL FIRE.pdf
2,01/30/2025,5:35 PM,Evacuation_Orders_Details,Palisades Fire_ Incident Update on 01_30_2025 at 5_35 PM _ CAL FIRE.pdf
2,01/30/2025,5:35 PM,Evacuation_Shelters,Palisades Fire_ Incident Update on 01_30_2025 at 5_35 PM _ CAL FIRE.pdf
2,01/30/2025,5:35 PM,Road_Closure_Sources,Palisades Fire_ Incident Update on 01_30_2025 at 5_35 PM _ CAL FIRE.pdf
2,01/30/2025,5:35 PM,Animal_Evacuation_Missing_Pets_Line,Palisades Fire_ Incident Update on 01_30_2025 at 5_35 PM _ CAL FIRE.pdf
2,01/30/2025,5:35 PM,Small_Animal_Shelters,Palisades Fire_ Incident Update on 01_30_2025 at 5_35 PM _ CAL FIRE.pdf
2,01/30/2025,5:35 PM,Large_Animal_Shelters,Palisades Fire_ Incident Update on 01_30_2025 at 5_35 PM _ CAL FIRE.pdf
2,01/30/2025,5:35 PM,Assigned_Resources_Text,Palisades Fire_ Incident Update on 01_30_2025 at 5_35 PM _ CAL FIRE.pdf
3,02/03/2025,2:03 PM,Additional_Resources,Palisades Fire_ Incident Update on 02_03_2025 at 2_03 PM _ CAL FIRE.pdf
3,02/03/2025,2:03 PM,Evacuation_Zone_Change_Notice,Palisades Fire_ Incident Update on 02_03_2025 at 2_03 PM _ CAL FIRE.pdf
3,02/03/2025,2:03 PM,Disaster_Resource_Center_Text,Palisades Fire_ Incident Update on 02_03_2025 at 2_03 PM _ CAL FIRE.pdf
3,02/03/2025,2:03 PM,DRC_Westside,Palisades Fire_ Incident Update on 02_03_2025 at 2_03 PM _ CAL FIRE.pdf
3,02/03/2025,2:03 PM,DRC_Eastside,Palisades Fire_ Incident Update on 02_03_2025 at 2_03 PM _ CAL FIRE.pdf
3,02/03/2025,2:03 PM,Missing_Persons_Hotline,Palisades Fire_ Incident Update on 02_03_2025 at 2_03 PM _ CAL FIRE.pdf
3,02/03/2025,2:03 PM,Public_Health_Information,Palisades Fire_ Incident Update on 02_03_2025 at 2_03 PM _ CAL FIRE.pdf
3,02/03/2025,2:03 PM,Disaster_Assessment,Palisades Fire_ Incident Update on 02_03_2025 at 2_03 PM _ CAL FIRE.pdf
3,02/03/2025,2:03 PM,Damage_Assessment_Text,Palisades Fire_ Incident Update on 02_03_2025 at 2_03 PM _ CAL FIRE.pdf
3,02/03/2025,2:03 PM,Evacuation_Order_Zones,Palisades Fire_ Incident Update on 02_03_2025 at 2_03 PM _ CAL FIRE.pdf
3,02/03/2025,2:03 PM,Evacuation_Order_Open_To_Residents,Palisades Fire_ Incident Update on 02_03_2025 at 2_03 PM _ CAL FIRE.pdf
3,02/03/2025,2:03 PM,Curfew_Order,Palisades Fire_ Incident Update on 02_03_2025 at 2_03 PM _ CAL FIRE.pdf
3,02/03/2025,2:03 PM,Evacuation_Orders_Details,Palisades Fire_ Incident Update on 02_03_2025 at 2_03 PM _ CAL FIRE.pdf
3,02/03/2025,2:03 PM,Evacuation_Shelters,Palisades Fire_ Incident Update on 02_03_2025 at 2_03 PM _ CAL FIRE.pdf
3,02/03/2025,2:03 PM,Road_Closure_Sources,Palisades Fire_ Incident Update on 02_03_2025 at 2_03 PM _ CAL FIRE.pdf
3,02/03/2025,2:03 PM,Animal_Evacuation_Missing_Pets_Line,Palisades Fire_ Incident Update on 02_03_2025 at 2_03 PM _ CAL FIRE.pdf
3,02/03/2025,2:03 PM,Small_Animal_Shelters,Palisades Fire_ Incident Update on 02_03_2025 at 2_03 PM _ CAL FIRE.pdf
3,02/03/2025,2:03 PM,Large_Animal_Shelters,Palisades Fire_ Incident Update on 02_03_2025 at 2_03 PM _ CAL FIRE.pdf
3,02/03/2025,2:03 PM,Assigned_Resources_Text,Palisades Fire_ Incident Update on 02_03_2025 at 2_03 PM _ CAL FIRE.pdf
4,02/04/2025,7:40 AM,Additional_Resources,Palisades Fire_ Incident Update on 02_04_2025 at 7_40 AM _ CAL FIRE.pdf
4,02/04/2025,7:40 AM,Disaster_Resource_Center_Text,Palisades Fire_ Incident Update on 02_04_2025 at 7_40 AM _ CAL FIRE.pdf
4,02/04/2025,7:40 AM,DRC_Westside,Palisades Fire_ Incident Update on 02_04_2025 at 7_40 AM _ CAL FIRE.pdf
4,02/04/2025,7:40 AM,DRC_Eastside,Palisades Fire_ Incident Update on 02_04_2025 at 7_40 AM _ CAL FIRE.pdf
4,02/04/2025,7:40 AM,Missing_Persons_Hotline,Palisades Fire_ Incident Update on 02_04_2025 at 7_40 AM _ CAL FIRE.pdf
4,02/04/2025,7:40 AM,Public_Health_Information,Palisades Fire_ Incident Update on 02_04_2025 at 7_40 AM _ CAL FIRE.pdf
4,02/04/2025,7:40 AM,Disaster_Assessment,Palisades Fire_ Incident Update on 02_04_2025 at 7_40 AM _ CAL FIRE.pdf
4,02/04/2025,7:40 AM,Damage_Assessment_Text,Palisades Fire_ Incident Update on 02_04_2025 at 7_40 AM _ CAL FIRE.pdf
4,02/04/2025,7:40 AM,Evacuation_Order_Zones,Palisades Fire_ Incident Update on 02_04_2025 at 7_40 AM _ CAL FIRE.pdf
4,02/04/2025,7:40 AM,Evacuation_Order_Open_To_Residents,Palisades Fire_ Incident Update on 02_04_2025 at 7_40 AM _ CAL FIRE.pdf
4,02/04/2025,7:40 AM,Curfew_Order,Palisades Fire_ Incident Update on 02_04_2025 at 7_40 AM _ CAL FIRE.pdf
4,02/04/2025,7:40 AM,Evacuation_Orders_Details,Palisades Fire_ Incident Update on 02_04_2025 at 7_40 AM _ CAL FIRE.pdf
4,02/04/2025,7:40 AM,Evacuation_Shelters,Palisades Fire_ Incident Update on 02_04_2025 at 7_40 AM _ CAL FIRE.pdf
4,02/04/2025,7:40 AM,Road_Closure_Sources,Palisades Fire_ Incident Update on 02_04_2025 at 7_40 AM _ CAL FIRE.pdf
4,02/04/2025,7:40 AM,Animal_Evacuation_Missing_Pets_Line,Palisades Fire_ Incident Update on 02_04_2025 at 7_40 AM _ CAL FIRE.pdf
4,02/04/2025,7:40 AM,Small_Animal_Shelters,Palisades Fire_ Incident Update on 02_04_2025 at 7_40 AM _ CAL FIRE.pdf
4,02/04/2025,7:40 AM,Large_Animal_Shelters,Palisades Fire_ Incident Update on 02_04_2025 at 7_40 AM _ CAL FIRE.pdf
4,02/04/2025,7:40 AM,Assigned_Resources_Text,Palisades Fire_ Incident Update on 02_04_2025 at 7_40 AM _ CAL FIRE.pdf
5,02/04/2025,10:01 AM,Additional_Resources,Palisades Fire_ Incident Update on 02_04_2025 at 10_01 AM _ CAL FIRE.pdf
5,02/04/2025,10:01 AM,Missing_Persons_Hotline,Palisades Fire_ Incident Update on 02_04_2025 at 10_01 AM _ CAL FIRE.pdf
5,02/04/2025,10:01 AM,Public_Health_Information,Palisades Fire_ Incident Update on 02_04_2025 at 10_01 AM _ CAL FIRE.pdf
5,02/04/2025,10:01 AM,Disaster_Assessment,Palisades Fire_ Incident Update on 02_04_2025 at 10_01 AM _ CAL FIRE.pdf
5,02/04/2025,10:01 AM,Damage_Assessment_Text,Palisades Fire_ Incident Update on 02_04_2025 at 10_01 AM _ CAL FIRE.pdf
5,02/04/2025,10:01 AM,Evacuation_Order_Open_To_Residents,Palisades Fire_ Incident Update on 02_04_2025 at 10_01 AM _ CAL FIRE.pdf
5,02/04/2025,10:01 AM,Evacuation_Orders_Details,Palisades Fire_ Incident Update on 02_04_2025 at 10_01 AM _ CAL FIRE.pdf
5,02/04/2025,10:01 AM,Evacuation_Shelters,Palisades Fire_ Incident Update on 02_04_2025 at 10_01 AM _ CAL FIRE.pdf
5,02/04/2025,10:01 AM,Road_Closure_Sources,Palisades Fire_ Incident Update on 02_04_2025 at 10_01 AM _ CAL FIRE.pdf
5,02/04/2025,10:01 AM,Animal_Evacuation_Missing_Pets_Line,Palisades Fire_ Incident Update on 02_04_2025 at 10_01 AM _ CAL FIRE.pdf
5,02/04/2025,10:01 AM,Small_Animal_Shelters,Palisades Fire_ Incident Update on 02_04_2025 at 10_01 AM _ CAL FIRE.pdf
5,02/04/2025,10:01 AM,Large_Animal_Shelters,Palisades Fire_ Incident Update on 02_04_2025 at 10_01 AM _ CAL FIRE.pdf
5,02/04/2025,10:01 AM,Assigned_Resources_Text,Palisades Fire_ Incident Update on 02_04_2025 at 10_01 AM _ CAL FIRE.pdf
6,02/04/2025,10:05 AM,Additional_Resources,Palisades Fire_ Incident Update on 02_04_2025 at 10_05 AM _ CAL FIRE.pdf
6,02/04/2025,10:05 AM,Missing_Persons_Hotline,Palisades Fire_ Incident Update on 02_04_2025 at 10_05 AM _ CAL FIRE.pdf
6,02/04/2025,10:05 AM,Public_Health_Information,Palisades Fire_ Incident Update on 02_04_2025 at 10_05 AM _ CAL FIRE.pdf
6,02/04/2025,10:05 AM,Disaster_Assessment,Palisades Fire_ Incident Update on 02_04_2025 at 10_05 AM _ CAL FIRE.pdf
6,02/04/2025,10:05 AM,Damage_Assessment_Text,Palisades Fire_ Incident Update on 02_04_2025 at 10_05 AM _ CAL FIRE.pdf
6,02/04/2025,10:05 AM,Evacuation_Order_Open_To_Residents,Palisades Fire_ Incident Update on 02_04_2025 at 10_05 AM _ CAL FIRE.pdf
6,02/04/2025,10:05 AM,Evacuation_Orders_Details,Palisades Fire_ Incident Update on 02_04_2025 at 10_05 AM _ CAL FIRE.pdf
6,02/04/2025,10:05 AM,Evacuation_Shelters,Palisades Fire_ Incident Update on 02_04_2025 at 10_05 AM _ CAL FIRE.pdf
6,02/04/2025,10:05 AM,Road_Closure_Sources,Palisades Fire_ Incident Update on 02_04_2025 at 10_05 AM _ CAL FIRE.pdf
6,02/04/2025,10:05 AM,Animal_Evacuation_Missing_Pets_Line,Palisades Fire_ Incident Update on 02_04_2025 at 10_05 AM _ CAL FIRE.pdf
6,02/04/2025,10:05 AM,Small_Animal_Shelters,Palisades Fire_ Incident Update on 02_04_2025 at 10_05 AM _ CAL FIRE.pdf
6,02/04/2025,10:05 AM,Large_Animal_Shelters,Palisades Fire_ Incident Update on 02_04_2025 at 10_05 AM _ CAL FIRE.pdf
6,02/04/2025,10:05 AM,Assigned_Resources_Text,Palisades Fire_ Incident Update on 02_04_2025 at 10_05 AM _ CAL FIRE.pdf
7,02/04/2025,11:06 AM,Additional_Resources,Palisades Fire_ Incident Update on 02_04_2025 at 11_06 AM _ CAL FIRE.pdf
7,02/04/2025,11:06 AM,Missing_Persons_Hotline,Palisades Fire_ Incident Update on 02_04_2025 at 11_06 AM _ CAL FIRE.pdf
7,02/04/2025,11:06 AM,Public_Health_Information,Palisades Fire_ Incident Update on 02_04_2025 at 11_06 AM _ CAL FIRE.pdf
7,02/04/2025,11:06 AM,Disaster_Assessment,Palisades Fire_ Incident Update on 02_04_2025 at 11_06 AM _ CAL FIRE.pdf
7,02/04/2025,11:06 AM,Damage_Assessment_Text,Palisades Fire_ Incident Update on 02_04_2025 at 11_06 AM _ CAL FIRE.pdf
7,02/04/2025,11:06 AM,Evacuation_Order_Open_To_Residents,Palisades Fire_ Incident Update on 02_04_2025 at 11_06 AM _ CAL FIRE.pdf
7,02/04/2025,11:06 AM,Evacuation_Orders_Details,Palisades Fire_ Incident Update on 02_04_2025 at 11_06 AM _ CAL FIRE.pdf
7,02/04/2025,11:06 AM,Evacuation_Shelters,Palisades Fire_ Incident Update on 02_04_2025 at 11_06 AM _ CAL FIRE.pdf
7,02/04/2025,11:06 AM,Road_Closure_Sources,Palisades Fire_ Incident Update on 02_04_2025 at 11_06 AM _ CAL FIRE.pdf
7,02/04/2025,11:06 AM,Animal_Evacuation_Missing_Pets_Line,Palisades Fire_ Incident Update on 02_04_2025 at 11_06 AM _ CAL FIRE.pdf
7,02/04/2025,11:06 AM,Small_Animal_Shelters,Palisades Fire_ Incident Update on 02_04_2025 at 11_06 AM _ CAL FIRE.pdf
7,02/04/2025,11:06 AM,Large_Animal_Shelters,Palisades Fire_ Incident Update on 02_04_2025 at 11_06 AM _ CAL FIRE.pdf
7,02/04/2025,11:06 AM,Assigned_Resources_Text,Palisades Fire_ Incident Update on 02_04_2025 at 11_06 AM _ CAL FIRE.pdf
8,02/05/2025,8:00 AM,Additional_Resources,Palisades Fire_ Incident Update on 02_05_2025 at 8_00 AM _ CAL FIRE.pdf
8,02/05/2025,8:00 AM,Missing_Persons_Hotline,Palisades Fire_ Incident Update on 02_05_2025 at 8_00 AM _ CAL FIRE.pdf
8,02/05/2025,8:00 AM,Public_Health_Information,Palisades Fire_ Incident Update on 02_05_2025 at 8_00 AM _ CAL FIRE.pdf
8,02/05/2025,8:00 AM,Disaster_Assessment,Palisades Fire_ Incident Update on 02_05_2025 at 8_00 AM _ CAL FIRE.pdf
8,02/05/2025,8:00 AM,Damage_Assessment_Text,Palisades Fire_ Incident Update on 02_05_2025 at 8_00 AM _ CAL FIRE.pdf
8,02/05/2025,8:00 AM,Evacuation_Order_Open_To_Residents,Palisades Fire_ Incident Update on 02_05_2025 at 8_00 AM _ CAL FIRE.pdf
8,02/05/2025,8:00 AM,Evacuation_Orders_Details,Palisades Fire_ Incident Update on 02_05_2025 at 8_00 AM _ CAL FIRE.pdf
8,02/05/2025,8:00 AM,Evacuation_Shelters,Palisades Fire_ Incident Update on 02_05_2025 at 8_00 AM _ CAL FIRE.pdf
8,02/05/2025,8:00 AM,Road_Closure_Sources,Palisades Fire_ Incident Update on 02_05_2025 at 8_00 AM _ CAL FIRE.pdf
8,02/05/2025,8:00 AM,Animal_Evacuation_Missing_Pets_Line,Palisades Fire_ Incident Update on 02_05_2025 at 8_00 AM _ CAL FIRE.pdf
8,02/05/2025,8:00 AM,Small_Animal_Shelters,Palisades Fire_ Incident Update on 02_05_2025 at 8_00 AM _ CAL FIRE.pdf
8,02/05/2025,8:00 AM,Large_Animal_Shelters,Palisades Fire_ Incident Update on 02_05_2025 at 8_00 AM _ CAL FIRE.pdf
8,02/05/2025,8:00 AM,Assigned_Resources_Text,Palisades Fire_ Incident Update on 02_05_2025 at 8_00 AM _ CAL FIRE.pdf
9,02/05/2025,8:31 AM,Additional_Resources,Palisades Fire_ Incident Update on 02_05_2025 at 8_31 AM _ CAL FIRE.pdf
9,02/05/2025,8:31 AM,Missing_Persons_Hotline,Palisades Fire_ Incident Update on 02_05_2025 at 8_31 AM _ CAL FIRE.pdf
9,02/05/2025,8:31 AM,Public_Health_Information,Palisades Fire_ Incident Update on 02_05_2025 at 8_31 AM _ CAL FIRE.pdf
9,02/05/2025,8:31 AM,Disaster_Assessment,Palisades Fire_ Incident Update on 02_05_2025 at 8_31 AM _ CAL FIRE.pdf
9,02/05/2025,8:31 AM,Damage_Assessment_Text,Palisades Fire_ Incident Update on 02_05_2025 at 8_31 AM _ CAL FIRE.pdf
9,02/05/2025,8:31 AM,Evacuation_Order_Open_To_Residents,Palisades Fire_ Incident Update on 02_05_2025 at 8_31 AM _ CAL FIRE.pdf
9,02/05/2025,8:31 AM,Evacuation_Orders_Details,Palisades Fire_ Incident Update on 02_05_2025 at 8_31 AM _ CAL FIRE.pdf
9,02/05/2025,8:31 AM,Evacuation_Shelters,Palisades Fire_ Incident Update on 02_05_2025 at 8_31 AM _ CAL FIRE.pdf
9,02/05/2025,8:31 AM,Road_Closure_Sources,Palisades Fire_ Incident Update on 02_05_2025 at 8_31 AM _ CAL FIRE.pdf
9,02/05/2025,8:31 AM,Animal_Evacuation_Missing_Pets_Line,Palisades Fire_ Incident Update on 02_05_2025 at 8_31 AM _ CAL FIRE.pdf
9,02/05/2025,8:31 AM,Small_Animal_Shelters,Palisades Fire_ Incident Update on 02_05_2025 at 8_31 AM _ CAL FIRE.pdf
9,02/05/2025,8:31 AM,Large_Animal_Shelters,Palisades Fire_ Incident Update on 02_05_2025 at 8_31 AM _ CAL FIRE.pdf
9,02/05/2025,8:31 AM,Assigned_Resources_Text,Palisades Fire_ Incident Update on 02_05_2025 at 8_31 AM _ CAL FIRE.pdf
10,02/07/2025,12:57 PM,Additional_Resources,Palisades Fire_ Incident Update on 02_07_2025 at 12_57 PM _ CAL FIRE.pdf
10,02/07/2025,12:57 PM,Missing_Persons_Hotline,Palisades Fire_ Incident Update on 02_07_2025 at 12_57 PM _ CAL FIRE.pdf
10,02/07/2025,12:57 PM,Public_Health_Information,Palisades Fire_ Incident Update on 02_07_2025 at 12_57 PM _ CAL FIRE.pdf
10,02/07/2025,12:57 PM,Disaster_Assessment,Palisades Fire_ Incident Update on 02_07_2025 at 12_57 PM _ CAL FIRE.pdf
10,02/07/2025,12:57 PM,Damage_Assessment_Text,Palisades Fire_ Incident Update on 02_07_2025 at 12_57 PM _ CAL FIRE.pdf
10,02/07/2025,12:57 PM,Evacuation_Order_Open_To_Residents,Palisades Fire_ Incident Update on 02_07_2025 at 12_57 PM _ CAL FIRE.pdf
10,02/07/2025,12:57 PM,Evacuation_Orders_Details,Palisades Fire_ Incident Update on 02_07_2025 at 12_57 PM _ CAL FIRE.pdf
10,02/07/2025,12:57 PM,Evacuation_Shelters,Palisades Fire_ Incident Update on 02_07_2025 at 12_57 PM _ CAL FIRE.pdf
10,02/07/2025,12:57 PM,Road_Closure_Sources,Palisades Fire_ Incident Update on 02_07_2025 at 12_57 PM _ CAL FIRE.pdf
10,02/07/2025,12:57 PM,Animal_Evacuation_Missing_Pets_Line,Palisades Fire_ Incident Update on 02_07_2025 at 12_57 PM _ CAL FIRE.pdf
10,02/07/2025,12:57 PM,Small_Animal_Shelters,Palisades Fire_ Incident Update on 02_07_2025 at 12_57 PM _ CAL FIRE.pdf
10,02/07/2025,12:57 PM,Large_Animal_Shelters,Palisades Fire_ Incident Update on 02_07_2025 at 12_57 PM _ CAL FIRE.pdf
10,02/07/2025,12:57 PM,Assigned_Resources_Text,Palisades Fire_ Incident Update on 02_07_2025 at 12_57 PM _ CAL FIRE.pdf
11,02/10/2025,3:46 PM,Additional_Resources,Palisades Fire_ Incident Update on 02_10_2025 at 3_46 PM _ CAL FIRE.pdf
11,02/10/2025,3:46 PM,Missing_Persons_Hotline,Palisades Fire_ Incident Update on 02_10_2025 at 3_46 PM _ CAL FIRE.pdf
11,02/10/2025,3:46 PM,Public_Health_Information,Palisades Fire_ Incident Update on 02_10_2025 at 3_46 PM _ CAL FIRE.pdf
11,02/10/2025,3:46 PM,Disaster_Assessment,Palisades Fire_ Incident Update on 02_10_2025 at 3_46 PM _ CAL FIRE.pdf
11,02/10/2025,3:46 PM,Damage_Assessment_Text,Palisades Fire_ Incident Update on 02_10_2025 at 3_46 PM _ CAL FIRE.pdf
11,02/10/2025,3:46 PM,Evacuation_Order_Open_To_Residents,Palisades Fire_ Incident Update on 02_10_2025 at 3_46 PM _ CAL FIRE.pdf
11,02/10/2025,3:46 PM,Evacuation_Orders_Details,Palisades Fire_ Incident Update on 02_10_2025 at 3_46 PM _ CAL FIRE.pdf
11,02/10/2025,3:46 PM,Evacuation_Shelters,Palisades Fire_ Incident Update on 02_10_2025 at 3_46 PM _ CAL FIRE.pdf
11,02/10/2025,3:46 PM,Road_Closure_Sources,Palisades Fire_ Incident Update on 02_10_2025 at 3_46 PM _ CAL FIRE.pdf
11,02/10/2025,3:46 PM,Animal_Evacuation_Missing_Pets_Line,Palisades Fire_ Incident Update on 02_10_2025 at 3_46 PM _ CAL FIRE.pdf
11,02/10/2025,3:46 PM,Small_Animal_Shelters,Palisades Fire_ Incident Update on 02_10_2025 at 3_46 PM _ CAL FIRE.pdf
11,02/10/2025,3:46 PM,Large_Animal_Shelters,Palisades Fire_ Incident Update on 02_10_2025 at 3_46 PM _ CAL FIRE.pdf
11,02/10/2025,3:46 PM,Assigned_Resources_Text,Palisades Fire_ Incident Update on 02_10_2025 at 3_46 PM _ CAL FIRE.pdf
